Набережная улица;
Нижнепортовая улица;
Светланская улица;ship;фрегат «Светлана»
Верхнепортовая улица;
Корабельная набережная;ship;просто в честь кораблей
Алеутская улица;ship;паровая шхуна «Алеут»
улица Калинина;person;революционер и совдеятель М. И. Калинин
Харьковская улица;place;город Харьков
Океанский проспект;place;Восточный океан
улица Пальчевского;person;ботаник Николай Пальчевский
улица Лермонтова;person;поэт М.В.Лермонтов
проспект Красного Знамени;
улица Суханова;person;революционер Константин Суханова
Пушкинская улица;person;поэт А.С.Пушкин
Октябрьская улица;
1-я Морская улица;
улица Махалина;person;герой Хасана А. Е. Махалин
улица Уборевича;person;революционер И.Уборевич
Фонтанная улица;
2-я Поселковая улица;
Черёмуховая улица;tree;дерево черёмуха
улица 44-й Причал;
Дальзаводская улица;place;Дальзавод
улица Петра Великого;person;император Пётр I
улица Мордовцева;person;чекист Мордовцев
Партизанский проспект;
Сахалинская улица;place;остров Сахалин
Очаковская улица;place;город Очаков
Русская улица;
улица Стрельникова;person;герой Даманского Иван Иванович Стрельников
Луговая улица;
улица Адмирала Фокина;person;адмирал Фокин
Днепровский переулок;place;река Днепр
Спортивная улица;
проспект 100-летия Владивостока;
проспект 100 лет Владивостока;
Некрасовская улица;person;поэт Некрасов
Ивановская улица;person;???
улица Толстого;person;писатель Лев Толстой
Батарейная улица;
Почтовый переулок;
Посьетская улица;person;адмирал К. Н. Посьет
Интернациональная улица;
Семёновская улица;person;первый горожанин Яков Семёнов
Тигровая улица;animal;животное тигр
улица Военное шоссе;
улица 42-й причал;
улица Прапорщика Комарова;person;основатель города Н. В. Комаров
улица Овчинникова;person;персоналия: Овчинников
улица Анисимова;person;персоналия: Анисимов
Камская улица;place;река Кама
Командорская улица;
улица Борисенко;person;персоналия: Борисенко
улица Невельского;person;адмирал Геннадий Невельской
улица Громова;person;персоналия: Громов
улица Бестужева;person;персоналия: Бестужев
улица Колесника;person;персоналия: Колесник
Аксаковская улица;person;писатель Аксаков
Арсенальная улица;
Горная улица;
Новоивановская улица;
Иртышская улица;place;река Иртыш
улица Гамарника;person;военачальник Ян Гамарник
улица Шепеткова;person;герой-панфиловец Иван Алексеевич Шепетков
1-я Флотская улица;
Тунгусская улица;ship;шхуна «Тунгус»
Шилкинская улица;place;река или город Шилка
Шилкинское кольцо;place;река или город Шилка
улица Каплунова;person;герой войны Илья Макарович Каплунов
Трамвайная улица;
улица Кутузова;person;полководец Михаил Кутузов
Бородинская улица;place;Бородинское сражение у деревни Бородино (Московская область)
Береговая улица;
улица Марины Расковой;person;лётчица Марина Раскова
улица Баляева;person;герой войны Алексей Андреевич Баляев (никак не связан с Владивостоком?)
улица Адмирала Юмашева;person;адмирал Юмашев
Некрасовский переулок;person;писатель Некрасов
улица Гоголя;person;писатель Н.В.Гоголь
улица Адмирала Невельского;person;адмирал Невельской
улица Адмирала Спиридонова;person;адмирал Спиридонов
улица Тухачевского;person;военачальник Михаил Тухачевский
улица Гагарина;person;космонавт Ю.Гагарин
улица Фадеева;person;писатель Александр Фадеев
Хуторская улица;
улица Кирова;person;революционер Сергей Киров
Енисейская улица;place;река Енисей
Карякинская улица;
улица Ковальчука;person;персоналия: Ковальчук
улица Карла Либкнехта;person;немецкий коммунист Карл Либкнехт
улица Муравьёва-Амурского;person;граф Николай Муравьёв-Амурский
Абрекская улица;ship;клипер «Абрек»
улица Героев Хасана;
улица Часовитина;person;персоналия: Часовитин
Чукотская улица;place;регион Чукотка
улица Гризодубовой;person;лётчик Валентина Гризодубова
улица Сафонова;person;персоналия: Сафонов
улица Талалихина;person;военный лётчик Виктор Талалихин
улица Вилкова;person;Герой Советского Союза Александр Вилков
улица 40 лет ВЛКСМ;
улица 50 лет ВЛКСМ;
улица Коммунаров;
улица Слуцкого;place;город Слуцк (а никакой не Слуцкий)
улица Героев-Тихоокеанцев;
Кипарисовая улица;tree;дерево кипарис
Каштановая улица;tree;дерево каштан
Поселковый переулок;
улица Адмирала Макарова;person;адмирал Макаров
улица Гастелло;person;военный лётчик Николай Гастелло
Окатовая улица;tree;согласно Н.Мизь в честь растения акатник
Нерчинская улица;place;город Нерчинск
улица Котельникова;person;пограничник Валентин Котельников;https://primkraeved.ru/persons/282-podvig-valentina-kotelnikova.html
улица Володарского;person;революционер В. Володарский
улица Всеволода Сибирцева;person;революционер Всеволод Сибирцев
улица Фирсова;person;персоналия: Фирсов
улица Луцкого;person;революционер Луцкий
улица Чапаева;person;комдив Василий Чапаев
улица Лазо;person;революционер Сергей Лазо
улица Олега Кошевого;person;Герой Советского Союза Олег Кошевой
улица Терешковой;person;космонавт Валентина Терешкова
Кизлярская улица;place;город Кизляр
Краснознамённый переулок;
улица Адмирала Захарова;person;адмирал Захаров
улица Державина;person;поэт и государственный деятель Гавриил Романович Державин
Писаревская улица;person;публицист Дмитрий Иванович Писарев
Народный проспект;
Бульварная улица;
улица Льва Толстого;person;писатель Лев Толстой
улица Островского;person;писатель Александр Островский
Пологая улица;
Уткинская улица;person;персоналия: Уткин
улица Морозова;person;персоналия: Морозов
Казанская улица;place;город Казань (или храм Казанской иконы Божьей матери)
улица Сипягина;person;персоналия: Сипягин
улица Давыдова;person;персоналия: Давыдов
улица Адмирала Кузнецова;person;адмирал Кузнецов
Щитовая улица;
Прибрежная улица;
улица Ветеранов;
Партизанская улица;
улица Ладыгина;person;электротехник Александр Николаевич Лодыгин
Фастовская улица;place;город Фастов
улица Воропаева;person;персоналия: Воропаев
Стрелковая улица;
улица Бурачка;person;адмирал и начальник поста Владивосток Е. С. Бурачек
Горийская улица;place;город Гори
Владикавказская улица;place;город Владикавказ
улица Трудовых Резервов;
улица Приходько;person;персоналия: Приходько
Трудовой переулок;
Ланинский переулок;person;персоналия: Ланин
Севастопольская улица;place;город Севастополь
Херсонская улица;place;город Херсон
Уссурийская улица;place;гогод Уссурийск
Ульяновская улица;place;скорее всего город Ульяновск
Заречная улица;
улица Ватутина;person;советский военачальник и герой войны Николай Фёдорович Ватутин
улица Фрунзе;person;советский военачальник Михаил Фрунзе
Симферопольская улица;place;город Симферополь
Камский переулок;place;река Кама
проспект Острякова;person;военный лётчик Алексей Остряков
Амурская улица;place;река Амур
Днепровская улица;place;река Днепр
Садовая улица;
Хабаровская улица;place;город Хабаровск
улица Нефтеветка;
Волховская улица;place;река Волхов
улица Героев Варяга;
улица Вострецова;person;советский военачаьник Степан Сергеевич Вострецов
улица Постышева;person;большевик Павел Постышев
улица Корнилова;person;персоналия: Корнилов
улица Завойко;person;адмирал Василий Степанович Завойко
Днепропетровская улица;place;город Днепропетровск
улица Нахимова;person;адмирал Павел Нахимов
улица Ильичёва;person;герой войны Пётр Ильичёв (погиб в 1945 на Курилах)
Невская улица;place;река Нева
улица Шошина;person;персоналия: Шошин
улица Толбухина;person;персоналия: Толбухин
Мичуринская улица;person;персоналия: Мичурин
улица Карбышева;person;персоналия: Карбышев
Южно-Уральская улица;place;город Южноуральск
улица Жигура;person;революционер Карл Жигур
улица Арсеньева;person;путешественник и писатель Владимир Арсеньев
улица Пестеля;person;персоналия: Пестель
улица Станюковича;person;писатель Константин Станюкович
улица Авраменко;person;революционер Василий Авраменко
улица Нейбута;person;революционер Арнольд Нейбут
улица Черняховского;person;герой войны И. Д. Черняховский
улица Зелёный Бульвар;
улица Сабанеева;person;вице-адмирал Сабанеев
улица Руднева;person;персоналия: Руднев
Стрелочная улица;
Сельская улица;
13-я Рабочая улица;
Тюменская улица;place;город Тюмень
улица Мира;
Тобольская улица;place;город Тобольск
Киевская улица;place;город Киев
улица Мехлиса;person;советский деятель Лев Мехлис
Батумская улица;place;город Батум
улица Куйбышева;person;революционер В. В. Куйбышев
4-я Флотская улица;
улица Басаргина;person;исследователь ДВ вице-адмирал Владимир Григорьевич Басаргин
улица Космонавтов;
Катерная улица;ship;тип судна катер
улица Добровольского;person;персоналия: Добровольский
улица Волкова;person;персоналия: Волков
Вязовая улица;tree;дерево вяз
улица Минёров;person;некие конкретные минёры (кажется, расстрелянные)
3-я Строительная улица;
2-я Строительная улица;
улица Новожилова;person;строитель Новожилов
улица Патрокл;ship;бриг «Патрокл»
Бархатная улица;tree;дерево амурский бархат
улица Никифорова;person;персоналия: Никифоров
Монтажная улица;
Нарвская улица;place;город Нарва
улица Аллилуева;person;большевик Алексей Степанович Аллилуев
Пионерская улица;
улица Марченко;person;персоналия: Марченко
улица Капитана Шефнера;person;первостроитель города капитан Алексей Карлович Шефнер
улица Багратиона;person;герой войны 1812 года генерал Пётр Иванович Багратион
улица Маковского;person;градоначальник Игнатий Иосифович Маковский
Ленинская улица;person;вождь революции Владимир Ленин
Снеговая улица;
улица Леонова;person;персоналия: Леонов
улица Нестерова;person;персоналия: Нестеров
Берёзовая улица;tree;дерево берёза
Ольховая улица;tree;дерево ольха
Выселковая улица;
улица Шкипера Гека;person;мореплаватель и капитан Ф. К. Гек
Экипажная улица;
Славянская улица;
5-я Проходная улица;
Тульская улица;place;город Тула
1-я Рабочая улица;
Авроровская улица;ship;крейсер «Аврора»
улица Шевченко;person;персоналия: Шевченко
улица Чкалова;person;лётчик Чкалов
Магнитогорская улица;place;город Магнитогорск
улица Гульбиновича;person;революционер А. А. Гульбинович
Могилёвская улица;place;город Могилёв
улица Крылова;person;писатель Иван Крылов
Ключевая улица;
Комсомольская улица;
Волочаевская улица;
улица Тургенева;person;писатель Иван Тургенев
улица Связи;
Полярная улица;place;регион за Полярным кругом
улица 60 лет ВЛКСМ;
Воронежская улица;place;город Воронеж
улица Довженко;
Кишинёвская улица;place;город Кишинёв
Академический переулок;
Алтайская улица;place;регион Алтай
улица Башидзе;person;революционер Башидзе
Читинская улица;place;город Чита
Бежецкая улица;place;город Бежецк в Тверской области
Беломорская улица;place;Белое море
улица Беляева;person;космонавт Беляев
улица Босфора;place;пролив Босфор Восточный
улица Буссе;person;географ и этнограф Фёдор Фёдорович Буссе
Военное шоссе;
4-я Проходная улица;
Вокзальная улица;place;по вокзалу на Первой Речке
Волгоградская улица;place;город Волгоград
Волжская улица;place;река Волга
Буреинская улица;place;река Бурея
улица Крыгина;person;персоналия: Крыгин
Саратовская улица;place;город Саратов
Перекопский переулок;place;крепость и город Перекоп
Деревенская улица;
Печорская улица;place;река Печора
Розничная улица;
улица Рылеева;person;декабрист Рылеев
Ёлочная улица;tree;дерево ель
Западная улица;place;сторона света запад
Запорожская улица;place;город Запорожье
улица Зои Космодемьянской;person;героиня Зоя Космодемьянская
Липовая улица;tree;дерево липа
улица Надибаидзе;person;председатель рыболовецкого колхоза Шалва Надибаидзе
Импортная улица;
Дубовая улица;tree;дерево дуб
Острогорная улица;
тупик Босфора;place;пролив Босфор Восточный
1-я Поселковая улица;
Приморская улица;place;Приморский край
Артековская улица;place;пионерлагерь «Артек»
улица Ленина;person;персоналия: Ленин
улица Постникова;person;персоналия: Постников
улица Белашева;person;персоналия: Белашев
улица Софьи Перовской;person;персоналия: Софья Перовская
улица Усатого;person;персоналия: Усатый
улица Тихонова;person;персоналия: Тихонов
улица Мищенко;person;персоналия: Мищенко
улица Марии Цукановой;person;персоналия: Мария Цуканова
Центральная улица;
улица Карла Маркса;person;философ Карл Маркс
Подгорная улица;
Строительная улица;
Заводская улица;
Морская улица;
улица 40 лет Октября;
улица Кутина;person;персоналия: Кутин
улица Приморского Комсомола;
улица Аллея Труда;
улица Маслакова;person;персоналия: Маслаков
Госпитальная улица;
Карская улица;place;город Карс
Карьерная улица;
улица Блюхера;person;персоналия: Блюхер
улица Горького;person;писатель Максим Горький
улица Академика Крылова;person;академик Крылов
Керченская улица;place;город Керчь
Федосеевский переулок;person;персоналия: Федосеев
улица Лебедева;person;персоналия: Лебедев
Траловая улица;
Балтийская улица;place;Балтийское море
Советская улица;
Кривой переулок;
Краснофлотская улица;
улица Корабельная Набережная;ship;просто в честь кораблей
улица Зальпе;person;персоналия: Зальпе
Железнодорожный переулок;
1-я Шоссейная улица;
3-я Линейная улица;
2-я Линейная улица;
Пригородная улица;
Московская улица;place;город Москва
улица Александра Грина;person;персоналия: Александр Грин
Зелёный переулок;
Верхняя улица;
Дальняя улица;
Шестая улица;
Четвёртая улица;
Пятая улица;
Девятая улица;
Десятая улица;
Двенадцатая улица;
Союзная улица;
1-я Круговая улица;
улица Глинки;person;композитор Глинка
улица Брюллова;person;художник Карл Брюллов
улица Академика Курчатова;person;академик Курчатов
Зелёная улица;
улица Ганслеп;
улица Долгова;person;персоналия: Долгов
Советский переулок;
Первомайская улица;
Южная улица;
Андреевская улица;person;???
улица Ворошилова;person;персоналия: Ворошилов
улица Дзержинского;person;революционер Феликс Дзержинский
Школьная улица;
Брестский переулок;place;город Брест
Брестская улица;place;город Брест
Юбилейная улица;
улица Кочубея;person;персоналия: Кочубей
Пограничная улица;
улица Пушкина;person;поэт Александр Пушкин
Братская улица;place;город Братск
Северная улица;
Рыбацкая улица;
улица Щорса;person;красный командир Николай Щорс
Новомировская улица;
Пушкинский переулок;person;поэт А. С. Пушкин
улица Мичурина;person;биолог Иван Мичурин
Солнечная улица;
Колхозная улица;
Коммунальная улица;
улица Чайковского;person;композитор П. И. Чайковский
Песчаная улица;
Дачная улица;
Светлая улица;
Ялтинская улица;place;город Ялта
Радужная улица;
Шуйская улица;
Трансформаторная улица;
Пихтовая улица;tree;дерево пихта
Сиреневая улица;tree;дерево сирень
Лесная улица;
Новая улица;
улица Сахарова;person;персоналия: Сахаров
Молодёжная улица;
Верхняя Дачная улица;
Звёздная улица;
Русский переулок;
улица Надежды;
Грибная улица;
Нижняя Дачная улица;
улица Строителей;
Тихая улица;
Весенняя улица;
Родниковая улица;
Ягодный переулок;berry;ягоды
Кустовая улица;tree; кустарники?
улица Рудакова;person;персоналия: Рудаков
Гвардейская улица;
улица Краева;person;персоналия: Краев
улица Матросова;person;герой войны Александр Матросов
улица Осипенко;person;лётчица Полина Осипенко
Рабочая улица;
улица Чайкина;person;персоналия: Чайкин
Заовражная улица;
Уральская улица;place;Уральские горы
Красногвардейская улица;
Самарская улица;place;город Самара
улица Чичерина;person;персоналия: Чичерин
улица Успенского;person;персоналия: Успенский
переулок Шевченко;person;персоналия: Шевченко
улица Воровского;person;персоналия: Воровский
Шкотовская улица;
Главная улица;
улица Грязелечебница;
Садгородская улица;
улица Александровича;person;персоналия: Александрович
улица Академика Курчатова (ст. Спутник);person;академик Курчатов
улица Шишкина;person;художник Шишкин
улица Курчатова (ст. Спутник);person;академик Курчатов
Лянчихинская улица;place;река Лянчихе (после 1972 года Богатая)
улица Фета;person;поэт Афанасий Фет
улица Тимирязева;person;персоналия: Тимирязев
улица Фанзавод;
Минеральная улица;
Таёжная улица;
переулок Павленко;person;врач К. Н. Павленко
Высокая улица;
Лесной переулок;
Донбасская улица;place;регион Донбасс
Полевая улица;
Узбекская улица;
Клубная улица;
Ясеневая улица;tree;дерево ясень
улица Адмирала Угрюмова;person;адмирал Угрюмов
1-я Проходная улица;
2-я Проходная улица;
улица Мыс Чумака;place;мыс Чумака
Опорная улица;
улица Пирогова;person;персоналия: Пирогов
4-я Восточная улица;
Порт-Артурская улица;place;город Порт-Артур (ныне Люйшунькоу)
улица Курчатова;person;персоналия: Курчатов
Черноморская улица;place;Чёрное море
4-я Пригородная улица;
улица Радио;
улица Металлистов;
Лазурная улица;
улица Жуковского;person;поэт Василий Андреевич Жуковский
улица Грибоедова;person;писатель Александр Грибоедов
Рокадная улица;
улица Семирадского;person;персоналия: Семирадский
Ильменская улица;place;озеро Ильмень
Гастрономная улица;
Парковая улица;
улица Горняка;person;персоналия: Горняк
улица Геологов;
улица Пацаева;person;персоналия: Пацаев
1-я Промышленная улица;
2-я Промышленная улица;
улица Пожарского;person;герой Хасана Иван Алексеевич Пожарский
Восточный переулок;
Подгорный переулок;
улица Токаревский Маяк;place;Токаревский маяк на кошке Токаревского
Рейдовая улица;
улица Паллады;ship;фрегат «Паллада»
Американская улица;ship;пароходокорвет «Америка»?
улица Адмирала Горшкова;person;адмирал Горшков
улица Анны Щетининой;person;капитан Анна Щетинина
улица Верещагина;person;персоналия: Верещагин
Восточная улица;
улица Коготунь;
2-я Рабочая улица;
Крымская улица;place;полуостров Крым
Кедровая улица;tree;дерево кедр
Заречный переулок;
Высоковольтная улица;
улица Менделеева;person;персоналия: Менделеев
улица Полетаева;person;персоналия: Полетаев
Розовый переулок;flower;цветок роза
Розовая улица;flower;цветок роза
Скатная улица;
Курильская улица;place;Курильские острова
Коралловая улица;stone;коралл
улица Авиаторов;
Парашютная улица;
Татарская улица;
2-я Круговая улица;
Заводской переулок;
Станционная улица;
Каспийская улица;place;Каспийское море
улица Байдукова;person;персоналия: Байдуков
улица Клары Цеткин;person;коммунистка Клара Цеткин
улица Чугаева;person;персоналия: Чугаев
2-я Шоссейная улица;
улица Лесопитомник;
улица Энгельса;person;Фридрих Энгельс
улица Пшеницына;person;персоналия: Пшеницын
улица Берзарина;person;персоналия: Берзарин
Ангарская улица;place;река Ангара
Александровская улица;person;???
Ремзаводской переулок;
Ремзаводская улица;
Бийская улица;place;город Бийск
улица Академика Касьянова;person;академик Касьянов
Кронштадтская улица;place;город Кронштадт (ныне часть Петербурга)
Сопочная улица;
улица Раевского;person;персоналия: Раевский
Можайская улица;person;в честь А.Можайского
улица бухта Якорная;
улица Северный Выход;
улица Айвазовского;person;художник Иван Айвазовский
улица Клевера;
улица Щедрина;person;персоналия: Щедрин
улица Фонвизина;person;писатель Денис Иванович Фонвизин
улица Карамзина;person;писатель Николай Михайлович Карамзин
улица Достоевского;person;писатель Фёдор Достоевский
улица Экипажная (о. Русский);
улица Шигино;
Верхненабережная улица;
3-й Шахтерский переулок;
Ржевская улица;place;город Ржев
Смоленская улица;place;город Смоленск
улица Будённого;person;советский военачальник С. М. Будённый
улица Есенина;person;поэт Сергей Есенин
улица Каманина;person;персоналия: Каманин
Почтовая улица;
улица Заслонова;person;персоналия: Заслонов
2-я Морская улица;
3-я Морская улица;
Западный переулок;
Уткинский переулок;person;персоналия: Уткин
улица Первооткрывателей;
2-й Зареченский переулок;
Ставропольская улица;place;город Ставрополь
Коллективная улица;
улица Вахрушева;person;персоналия: Вахрушев
Кузбасская улица;place;регион Кузбасс
Холмистая улица;
Счастливая улица;
Светлогорская улица;
улица Лунник;
Малый переулок;
улица 8 Марта;
Совхозная улица;
1-я Деповская улица;
2-я Деповская улица;
Артёмовская улица;place;город Артём
Океанская улица;
улица Ломоносова;person;учёный Михаил Васильевич Ломоносов
Барбарисовая улица;tree;дерево барбарис
Вересковая улица;flower;цветущий кустарничек вереск
улица Репина;person;художник Репин
улица Грекова;person;персоналия: Греков
улица Сурикова;person;художник Суриков
улица Поленова;person;персоналия: Поленов
Третья улица;
улица Белинского;person;персоналия: Белинский
Восьмая улица;
Спасская улица;
Кольцевая улица;
улица Пархоменко;person;персоналия: Пархоменко
Стахановская улица;person;персоналия: Стаханов
Тернейская улица;place;посёлок Терней по фамилии Тернея
улица Юности;
переулок Чугаева;person;персоналия: Чугаев
Лиманная улица;
Охотская улица;place;Охотское море или город Охотск
Посадская улица;
cт Строитель-1;-
Вознесенская улица;
Спокойная улица;
Тёплая улица;
улица Вавилова;person;персоналия: Вавилов
2-я Матросская улица;
3-я Матросская улица;
Отлогая улица;
улица Пугач;
Новгородский переулок;place;город Новгород
Сокольничий переулок;
Жариковская улица;person;персоналия: Жариков
Маньчжурская улица;ship;???
улица Крупской;person;жена Ленина Н. К. Крупская
Вязовый переулок;tree;дерево вяз
Парковская улица;
Совхозный переулок;
Автозаводская улица;
улица Матюшкина;person;персоналия: Матюшкин
улица Сосиновича;person;персоналия: Сосинович
улица 1 Мая;
Красноармейская улица;
Морской переулок;
Дисциплинарная улица;
2-я Луговая улица;
Красноармейский переулок;
Краснофлотский переулок;
Тракторная улица;
Анисимовская улица;
Нагорная улица;
Семафорная улица;
Степная улица;
Гарнизонная улица;
3-я Гарнизонная улица;
2-й Анисимовский переулок;
улица Маяковского;person;поэт Владимир Маяковский
Школьный переулок;
Маяковского улица;
улица 49 км;
улица Свердлова;person;революционер Свердлов
улица бухта Муравьиная;
Рыбацкий переулок;
Абрикосовая улица;tree;дерево абрикос
улица Баумана;person;революционер Николай Бауман
Донская улица;place;река Дон
бухта Муравьиная;
Находкинская улица;
улица Барклая;person;персоналия: Барклай
Мариупольская улица;place;город Мариуполь
Ростовская улица;place;город Ростов
Карагандинская улица;place;город Караганда
Кузнецкая улица;
Полтавская улица;place;город Полтава
улица Девятый Вал;
3-я Круговая улица;
Иманская улица;place;река Иман или город Иман (Дальнереченск)
улица Дунаевского;person;персоналия: Дунаевский
улица Коммуны;
Мостовая улица;
улица Сусанина;person;персоналия: Сусанин
Воронежский переулок;place;город Воронеж
1-й Байкальский переулок;place;озеро Байкал
2-й Байкальский переулок;place;озеро Байкал
1-я Центральная улица;
2-я Центральная улица;
3-я Центральная улица;
4-я Центральная улица;
5-я Центральная улица;
улица Профессора Шапкина;person;профессор Шапкин
улица 50 лет Октября;
улица Адмирала Смирнова;person;адмирал Смирнов
Кирпичная улица;
улица Набивайло;person;персоналия: Набивайло
улица Давыдовка;
Тупиковый переулок;
улица Григорьева;person;персоналия: Григорьев
Водопроводная улица;
Озёрная улица;
Линейная улица;
Весенний переулок;
Мирная улица;
Овражная улица;
Трактовая улица;
Индустриальная улица;
улица Некрасова;person;поэт Николай Некрасов
Кустарная улица;
улица Щелкунова;person;персоналия: Щелкунов
Шахтёрская улица;
Тавричанская улица;place;посёлок Тавричанка
улица Суворова;person;персоналия: Суворов
улица Конева;person;персоналия: Конев
улица Жукова;person;персоналия: Жуков
Речная улица;
Целинная улица;
Квартальная улица;
микрорайон АТЭК;
улица Лейтенанта Григорьева;person;лейтенант Григорьев
Косой переулок;
улица Радиостанция;
улица Новая Надежда;
переулок Григорьева;person;персоналия: Григорьев
улица 2-ое отделение 44-й Совхоз;
Дубравная улица;
Садоводческая улица;
улица Куценко;person;персоналия: Куценко
Парусная улица;
улица Победы;
Капитанская улица;
улица Зелёная Аллея;
Грибной переулок;
улица Имени Светланы Морозовой;person;персоналия: Светлана Морозова
улица Штурма;
Озёрный тупик;
Кедровый тупик;
3-я улица;
Вишнёвая улица;berry;ягода вишня
Тихий тупик;
улица Рябиновка;
1-я Линейная улица;
Тыловская улица;
Нижне-Садовая улица;
улица Ползунова;person;персоналия: Ползунов
Островская улица;
Тыловский переулок;
Шоссейная улица;
Верхне-Садовая улица;
Деповская улица;
Базарная улица;
Новый переулок;
1-й Анисимовский переулок;
улица Подстанция;
Национальная улица;
улица Дороша;
улица 50 лет Советской Власти;
улица Чулкова;person;персоналия: Чулков
Тихоокеанская улица;
улица Старцева;person;персоналия: Старцев
Дорожная улица;
улица Домашлино;
Южнореченская улица;
улица Варнина;person;персоналия: Варнин
улица Кравцова;person;персоналия: Кравцов
Садовый микрорайон;-
Ботаническая улица;
Тополиная улица;tree;дерево тополь
улица Силина;person;персоналия: Силин
Зоологическая улица;
улица Муравьиная бухта;place;Муравьиная бухта
улица Дубинина;person;персоналия: Дубинин
1-я Ключевая улица;
улица Павлика Морозова;person;герой революции Павлик Морозов
2-я Ключевая улица;
3-я Ключевая улица;
переулок Сурикова;person;художник Суриков
улица Очакова;person;персоналия: Очаков
улица Баневура;person;революционер Баневур
улица Стасова;person;персоналия: Стасова
Азовский переулок;place;город Азов или Азовское море
1-й Севский переулок;place;город Севск в Брянской области
2-й Севский переулок;place;город Севск в Брянской области
Азовская улица;place;город Азов или Азовское море
Севская улица;place;город Севск в Брянской области
Ташкентская улица;place;город Ташкент
Депутатская улица;
Таганрогская улица;place;город Таганрог
Воркутинская улица;place;город Воркута
переулок Шишкина;person;художник Шишкин
1-й Линейный переулок;
2-й Линейный переулок;
3-й Линейный переулок;
улица Крамского;person;художник Крамской
Кузбасский переулок;place;регион Кузбасс
Карагандинский переулок;
улица Никитина;person;персоналия: Никитин
улица Зиганшина;person;персоналия: Зиганшин
Керченский переулок;place;город Керчь
Крайний переулок;
Севский переулок;
улица Спутник;
Паровозная улица;
Зенитная улица;
Оренбургская улица;place;город Оренбург
улица Неверова;person;персоналия: Неверов
Одесская улица;place;город Одесса
Курская улица;place;город Курск
Малиновая улица;berry;ягода малина
Брянская улица;place;город Брянск
1-й Зареченский переулок;
Мурманская улица;place;город Мурманск
Валуйская улица;
улица Пугачёва;person;персоналия: Пугачёв
Орловская улица;place;город Орёл
улица Лунника;person;персоналия: Лунник
Гранитная улица;stone;минерал гранит
переулок Сакко и Ванцетти;person;американские анархисты Сакко и Ванцетти
1-я Придорожная улица;
Тупиковая улица;
Геологическая улица;
1-й Шахтерский переулок;
2-й Шахтерский переулок;
4-й Шахтерский переулок;
улица Комарова;person;персоналия: Комаров
Ржевский переулок;
улица Минина;person;персоналия: Минин
Смоленский переулок;
Сахалинский переулок;
1-я Полярная улица;
2-я Полярная улица;
3-я Полярная улица;
Красногвардейский переулок;
Черниговская улица;
улица Чуковского;person;писатель Корней Чуковский
Донской переулок;place;река Дон
улица Власенко;person;персоналия: Власенко
Заводской проезд;
Шоссейный переулок;
Сапёрная улица;
улица Песчанка;
Тульский переулок;
улица Давида Шлемова;person;персоналия: Давид Шлемов
улица Анатолия Ганжи;person;персоналия: Анатолий Ганжа
Беговая улица;
Круговая улица;
Яблоневая улица;tree;дерево яблоня
улица Черемухова;person;персоналия: Черемухов?
Хорошая улица;
Матросовая улица;
улица Ильи Муромца;person;персонаж былин Ильи Муромец
Олимпийская улица;
Карьерный переулок;
Набережный тупик;
Приморский переулок;
Цветковый тупик;flower;цветы в общем
Переселенческая улица;
Вишнёвый переулок;berry;ягода вишня
Амурский переулок;
Морской тупик;
улица Дружбы;
Цветковая улица;flower;цветы в общем
Поворотная улица;
переулок Победы;
Изумрудная улица;stone;драгоценный камень изумруд
Изумрудный переулок;stone;драгоценный камень изумруд
Речной переулок;
Флотская улица;
Сотовая улица;
Тёплый переулок;
Церковная улица;
Восточный тупик;
переулок Тимирязева;person;персоналия: Тимирязев
Байкальская улица;place;озеро Байкал
улица Максимовича;person;персоналия: Максимович
улица Надарова;person;персоналия: Надаров
улица Августовского;person;персоналия: Борис Августовский
улица Маргаритова;person;персоналия: Маргаритов
улица Венюкова;person;персоналия: Венюков
Аквамариновая улица;stone;драгоценный камень аквамарин
Штилевая улица;
Высотная улица;
Аметистовая улица;stone;драгоценный камень аметист
Листопадная улица;tree;листопадные деревья
Жасминовая улица;tree;дерево жасмин
Янтарная улица;stone;драгоценный камень янтарь
Иннокентьевская улица;person;???
Минская улица;place;город Минск
Петропавловский переулок;
улица Тельмана;person;немецкий революционер Эрнст Тельман
улица Ушакова;person;адмирал Фёдор Ушаков
Бирюзовая улица;stone;драгоценный камень бирюза
Жемчужная улица;stone;драгоценный камень (минералоид) жемчуг
Агатовая улица;stone;драгоценный камень агат
Полуденная улица;
Малахитовая улица;stone;полудрагоценный камень малахит
улица Шаляпина;person;певец Фёдор Шаляпин
улица Академика Королёва;person;академик Королёв
улица Рокоссовского;person;персоналия: Рокоссовский
Муссонная улица;
Путятинская улица;person;адмирал Евфимий Путятин
Петропавловская улица;
Суворовская улица;person;персоналия: Суворов
Ореховая улица;
Кольцевой переулок;
улица Кулибина;person;персоналия: Кулибин
Надеждинская улица;
улица Фучика;person;персоналия: Фучик
Жемчужный переулок;stone;драгоценный камень (минералоид) жемчуг
улица Гайдара;person;персоналия: Гайдар
Рябиновая улица;tree;дерево рябина
Покровская улица;
Камчатская улица;
Вторая улица;
улица Энергетиков;
улица Вишневая(ДЭПСС);
Даурская улица;place;регион Даурия
Женьшеневая улица;flower;цветок женьшень
улица Дубки;
улица Венецианова;person;персоналия: Венецианов
Благодатная улица;
улица Перова;person;персоналия: Перов
Первая улица;
улица Василия Зверева;person;персоналия: Василий Зверев
Клубничная улица;berry;ягода клубника
улица Архипова;person;персоналия: Архипов
Тимьяновая улица;tree;кустарник тимьян
Прямой переулок;
Перевальная улица;
улица Тропинина;person;персоналия: Тропинин
Туманная улица;
Седьмая улица;
Заветная улица;
Кустовой переулок;
улица Боровиковского;person;персоналия: Боровиковский
улица Бекетова;person;персоналия: Бекетов
улица Василия Рябова;person;персоналия: Василий Рябов
Летний переулок;
Балканская улица;place;Балканский полуостров
Карпатская улица;place;горы Карпаты
Гималайская улица;place;горы Гималаи
Верхоянская улица;place;Верхоянский хребет или город Верхоянск
Тибетская улица;place;регион Тибет или Тибетское нагорье
Пиренейская улица;place;Пиренейский полуостров или горы Пиренеи
Альпийская улица;place;горы Альпы
Памирская улица;place;горная система Памир
Саянская улица;place;горы Саяны
Ливадийская улица;place;греческая или крымская или находкинская Ливадия
Тирольская улица;place;область Тироль в Альпах
улица Докучаева;person;персоналия: Докучаев
1-я Встречная улица;
3-я Встречная улица;
улица Разина;person;персоналия: Разин
1-я Восточная улица;
2-я Восточная улица;
3-я Восточная улица;
5-я Восточная улица;
6-я Восточная улица;
3-й Восточный переулок;
1-я Пригородная улица;
3-я Пригородная улица;
улица Янковского;person;персоналия: Янковский
2-я Пригородная улица;
Виноградная улица;berry;ягода виноград
Дачный переулок;
3-я Шоссейная улица;
Голубичная улица;berry;ягода голубика
улица Бринера;person;персоналия: Бринер
Шахтовый переулок;
1-я Лесная улица;
2-я Лесная улица;
3-я Лесная улица;
Тисовая улица;tree;дерево тис
Междугородняя улица;
Шкотовский переулок;place;поселок Шкотово (но это не точно)
Федеративная улица;
Шахтовая улица;
Восточный проспект;
Виноградный переулок;berry;ягода виноград
Ромашковая улица;flower;цветок ромашка
улица Шевелёва;person;персоналия: Шевелёв
Подъёмная улица;
Облепиховая улица;tree;растение облепиха
улица ВИР;
Уютная улица;
улица Охотской;person;персоналия: Охотская?
Арктическая улица;place;регион Арктика
Флагманская улица;
улица 3-й Ключ;
улица 4-й Ключ;
улица 5-й Ключ;
улица Бианки;person;учёный Виталий Бианки
1-я Заречная улица;
Сейнерная улица;ship;тип судна сейнер
улица Пришвина;person;персоналия: Пришвин
Штурманская улица;
Анютинская улица;
улица Плеханова;person;персоналия: Плеханов
Канская улица;place;город Канск от реки Кан
Режицкая улица;
Елецкая улица;place;город Елецк
Земляничная улица;berry;ягода земляника
Комитетская улица;
Ломаная улица;
1-я Крутая улица;
2-я Крутая улица;
Тверская улица;place;город Тверь
Левобережная улица;
улица Республики;
Короткая улица;
улица Урицкого;person;революционер Моисей Соломонович Урицкий
Лучистая улица;
Правобережная улица;
Просторная улица;
Васильковая улица;flower;цветок василёк
Гражданская улица;
Главный переулок;
Мысовая улица;
Инженерная улица;
Клинская улица;place;город Клин
Призовая улица;
Яхтовая улица;ship;яхты
улица Майкова;person;персоналия: Майков
Орбитальная улица;
Ландышевая улица;flower;цветок ландыш
Барсовая улица;
улица Ветеран Революции;
Абрикосовый переулок;tree;дерево абрикос
Большекаменская улица;place;город Большой Камень
улица Апухтина;person;персоналия: Апухтин
переулок Маковского;person;персоналия: Маковский
Дальнегорская улица;place;город Дальнегорск
Анучинская улица;place;село Анучино
улица Сахарный Ключ;place;Сахарный ключ
улица Салтыкова;person;персоналия: Салтыков
Калиновая улица;berry;ягода калина
Хвойная улица;tree;хвойные деревья
улица Плещеева;person;персоналия: Плещеев
улица Короленко;person;персоналия: Короленко
Грушевая улица;tree;дерево груша
Богатинская улица;
Персиковая улица;tree;дерево персик
Шелковичная улица;tree;дерево шелковица
Изюбриевая улица;
Ясная улица;
Фруктовая улица;
Штормовая улица;
Учительская улица;
Ивовая улица;tree;дерево ива
улица Строитель;
улица Роберта Баха;person;персоналия: Роберт Бах
Лунная улица;place;спутник Земли Луна
Медовая улица;
улица Куинджи;person;художник Куинджи
Сливовая улица;tree;дерево слива
улица Тютчева;person;поэт Тютчев
Пасечная улица;
Хасанский переулок;place;озеро Хасан
Аирная улица;
Ягодная улица;berry;просто ягода
Канатный переулок;
улица Баратынского;person;персоналия: Баратынский
Ежевичная улица;berry;ягода ежевика
Цветочная улица;flower;цветы
Фиалковая улица;flower;цветок фиалка
Нектарная улица;
улица Случевского;person;персоналия: Случевский
улица Стальского;person;персоналия: Стальский
Фанерная улица;
улица Мечникова;person;персоналия: Мечников
улица Джамбула;person;поэт Джамбул
улица Гассе;person;персоналия: Гассе
улица Бакунина;person;персоналия: Бакунин
Тринадцатая улица;
улица Академика Комарова;person;академик Комаров
Фанерный переулок;
Художественная улица;
Безымянный переулок;
Одиннадцатая улица;
Рассветная улица;
Пятнадцатая улица;
переулок Верещагина;person;персоналия: Верещагин
Четырнадцатая улица;
улица Серова;person;персоналия: Серов
Радужный переулок;
Астрономический переулок;
Цимлянская улица;
Крылатый переулок;
1-я Дачная улица;
Пилотажный переулок;
улица Мусоргского;person;персоналия: Мусоргский
Математический переулок;
Грозовая улица;
Небесный переулок;
Облачный переулок;
улица Аренского;person;персоналия: Аренский
Ясный переулок;
улица Демьяна Бедного;person;поэт Демьян Бедный
Планерная улица;
Взлётная улица;
улица Гагаринского;person;персоналия: Гагаринский
улица Профессора Куренцова;person;профессор Куренцов
переулок Радио;
Ладожская улица;place;Ладожское озеро от города Ладога
улица Академика Крушанова;person;академик Крушанов
Радарный переулок;
улица Академика Воронова;person;академик Воронов
Вертолётная улица;
переулок Беринга;person;мореплаватель Витус Беринг
улица Рубинштейна;person;персоналия: Рубинштейн
Географический переулок;
Биологический переулок;
улица Алябьева;person;персоналия: Алябьев
переулок Полетаева;person;персоналия: Полетаев
Соколиный переулок;bird; птица сокол
Исторический переулок;
1-я Гражданская улица;
2-я Гражданская улица;
улица Белякова;person;персоналия: Беляков
Хорольская улица;place;город Хороль
Сибирская улица;place;регион Сибирь
переулок Пархоменко;person;персоналия: Пархоменко
улица Академика Обручева;person;академик Обручев
Хивинская улица;place;город Хива
Аральская улица;place;Аральское море
улица Амундсена;person;путешественник Руальд Амундсен
улица Каляева;person;персоналия: Каляев
2-я Водопроводная улица;
Залесная улица;
улица Голицына;person;персоналия: Голицын
Капонирная улица;
Фортовая улица;
Областная улица;
Извилистая улица;
Мичуринский переулок;person;персоналия: Мичурин?
Калининградская улица;place;город Калининград
Кубанская улица;place;река или регион Кубань
Иртышский переулок;place;река Иртыш
улица Майора Филипова;person;майор Филипов
Краснодонская улица;place;город Краснодон в Луганской области
Краснозаводская улица;place;город Краснозаводск (неясно какой)
Милоградовская улица;
Неманская улица;place;река Неман
Металлургическая улица;
Рионская улица;place;река Риони в Грузии
улица Лаптева;person;персоналия: Лаптев
Альбатросовая улица;bird;птица альбатрос
улица Пржевальского;person;персоналия: Пржевальский
Просёлочная улица;
Родниковый переулок;
улица Дежнёва;person;персоналия: Дежнёв
Минная улица;
Горицветная улица;flower;цветок горицвет
Волнистая улица;
Железнодорожная улица;
Томская улица;place;город Томск
улица Мыс Кунгасный;place;мыс Кунгасный
3-я Северная улица;
Хабаровский переулок;place;город Хабаровск
Мельниковская улица;person;персоналия: ???
Иркутская улица;place;город Иркутск
Сеульская улица;place;город Сеул
Северо-Суйфунская улица;
Метельная улица;
Стрелочный переулок;
9-я Рабочая улица;
10-я Рабочая улица;
Станичная улица;
улица Карпинского;person;персоналия: Карпинский
4-я Круговая улица;
улица Лукоморье;
улица Черкавского;person;персоналия: Черкавский
улица Токаревская Кошка;place;Токаревская кошка от фамилии Токаревский
Симбирская улица;place;город Симбирск (ныне Ульяновск)
Ярославская улица;place;город Ярославль
Причальная улица;
улица Клыкова;person;персоналия: Клыков
Инженерный переулок;
улица Чернышевского;person;персоналия: Чернышевский
улица Лейтенанта Шмидта;person;лейтенант Шмидт
улица Гаршина;person;персоналия: Гаршин
улица Полонского;person;персоналия: Полонский
улица Огарёва;person;персоналия: Огарёв
улица Чехова;person;писатель Антон Чехов
Мопровская улица;
Верхнеславянская улица;
Зейская улица;place;река Зея
3-я Южная улица;
5-я Террасная улица;
4-я Террасная улица;
Тополевая улица;tree;дерево тополь
Сосновая улица;tree;дерево сосна
Нежинская улица;place;город Нежин
Балтовская улица;place;скорее всего от города Бельцы (Bălți) в Молдавии
Лиственничная улица;tree;дерево лиственница
Буковая улица;tree;дерево бук
Чуркинский переулок;place;мыс Чуркин от фамилии штурмана Павла Чуркина
Кизиловая улица;tree;дерево кизил
Ракитная улица;tree;куст ракитник
Можжевеловая улица;tree;куст можжевельник
Бакинская улица;place;город Баку
3-я Поселковая улица;
переулок Адмирала Макарова;person;адмирал Макаров
Тамбовская улица;place;город Тамбов
Тетюхинская улица;place;город Тетюхе (ныне Дальнегорск)
улица Полины Осипенко;person;лётчица Полина Денисовна Осипенко
Тихвинская улица;place;город Тихвин
улица 20 лет ВЛКСМ;
Североморская улица;place;наверняка город Североморск
Таманская улица;place;Таманский полуостров
Архангельская улица;place;город Архангельск
Феодосийская улица;place;город Феодосия
Сочинская улица;place;город Сочи
Лесная улица (о. Русский);
улица Мыс Доронина;person;Мыс Доронина в честь какого-то Доронина
Аэродромная улица;
Адмиральская улица;
Литературная улица;
Студенческая улица;
Поэтический переулок;
Шкиперская улица;
улица Матвеева;person;персоналия: Матвеев
улица Николая Асеева;person;персоналия: Николай Асеев
улица Асеева;person;персоналия: Асеев
Архитектурная улица;
переулок Кучерявенко;person;персоналия: Кучерявенко
переулок Матюшенко;person;персоналия: Матюшенко
улица Щербакова;person;персоналия: Щербаков
Живописный переулок;
улица Балабина;person;персоналия: Балабин
улица Михаила Щербакова;person;персоналия: Михаил Щербаков
Островная улица;
улица Гродекова;person;персоналия: Гродеков
улица Панфилова;person;персоналия: Панфилов
Ракетная улица;
улица Яблочкова;person;персоналия: Яблочков
Стрелковый переулок;
Высоковольтный переулок;
1-я Матросская улица;
4-я Матросская улица;
5-я Матросская улица;
6-я Матросская улица;
Промежуточная улица;
7-я Матросская улица;
Светланский переулок;ship;фрегат «Светлана»
Отрадная улица;
Загородная улица;
Приветливая улица;
Курортная улица;
Майская улица;
1-я Полевая улица;
2-я Полевая улица;
3-я Полевая улица;
4-я Полевая улица;
5-я Полевая улица;
1-я Полевая улица;
улица Новицкого;person;персоналия: Новицкий
Ставропольский переулок;
улица Гончарова;person;персоналия: Гончаров
Гусарский переулок;
улица Купера;person;персоналия: Купер
улица Ремезова;person;персоналия: Ремезов
улица Зотова;person;персоналия: Зотов
улица Бушуева;person;персоналия: Бушуев
улица Терентьева;person;персоналия: Терентьев
улица Жарикова;person;персоналия: Жариков
улица Мандельштама;person;поэт Осип Мандельштам
улица Саврасова;person;художник Алексей Кондратьевич Саврасов
улица Васнецова;person;художник Виктор Михайлович Васнецов
улица Клавдии Шульженко;person;певица Клавдия Шульженко
улица Левитана;person;персоналия: Левитан
Танкерная улица;
улица Аникушина;person;персоналия: Аникушин
Рифовая улица;
улица 6-й километр;
Двинская улица;place;река Двина (Даугава) или город Двинск (ныне Даугавпилс)
улица Решетникова;person;персоналия: Решетников
улица Врубеля;person;персоналия: Врубель
улица Новая Земля;place;архипелаг Новая Земля
Алданская улица;place;река или город Алдан в Якутии
Голецкий переулок;
Корабельная улица;
Лазовская улица;
1-я Счастливая улица;
Лимонная улица;tree;дерево лимон
Брусничная улица;berry;ягода брусника
Медовый тупик;
Былинная улица;
улица Бетховена;person;композитор Людвиг ван Бетховен
улица Маака;person;персоналия: Маак
улица Полковника Фесюна;person;лётчик полковник Фесюн
Летняя улица;
Радостная улица;
Опаловая улица;stone;драгоценный камень опал
улица Пояркова;person;персоналия: Поярков
улица Синкевича;person;персоналия: Синкевич
Объездной переулок;
улица Тупой Мыс;
улица Брюсова;person;персоналия: Брюсов
Фигурная улица;
Якутская улица;place;регион Якутия или город Якутск
улица Технопарк;
улица Шаповалова;person;персоналия: Шаповалов
Боцманская улица;
переулок Ветеранов;
улица Ланина;person;персоналия: Ланин
улица Расула Гамзатова;person;поэт Расул Гамзатов
Университетский проспект;
1-я Перспективная улица;
Беркутовая улица;bird;птица беркут
Портовая улица;
Зимняя улица;
Низинная улица;
улица Маркина;person;персоналия: Маркин
Еловая улица;tree;дерево ель
Турмалиновая улица;stone;драгоценный камень турмалин
улица Синичкина;person;персоналия: Синичкин
Центральный тупик;
Ильмовый микрорайон;tree;дерево ильм
улица Победы 4-я;
Попутная улица;
Центральный переулок;
Полезный переулок;
улица Субботича;person;военный губернатор Приморской области генерал Деан Субботич
Кленовая улица;tree;дерево клён
Ишимская улица;place;река или город Ишим
кольцо Багратиона;person;герой войны 1812 года Пётр Багратион
Рыбинская улица;place;город Рыбинск
Корабельный переулок;
Ужгородская улица;place;город Ужгород
Рюриковская улица;ship;скорее всего по названию корабля
Охотский переулок;place;Охотское море или город Охотск
Весёлая улица;
Поисковая улица;
Сигнальная улица;
Мачтовая улица;
Лиановая улица;tree;лиана
2-я Счастливая улица;
3-я Счастливая улица;
улица Рокотова;person;персоналия: Рокотов
Журавлиная улица;bird;птица журавль
Аллея им. Дениса Давыдова;person;герой войны 1812 года Денис Давыдов
улица Чингиза Айтматова;person;писатель Чингиз Айтматов
Новороссийская улица;place;город Новороссийск
Буферная улица;
улица Михайловского;person;персоналия: Михайловский
Десантная улица;
улица Лоскутова;person;персоналия: Лоскутов
аллея памяти Сергея Гимаева;person;персоналия: Сергей Гимаев
улица героя России Жоги;person;герой Жога
улица Электрон;
Безымянная улица;
6-я улица;
7-я улица;
8-я улица;
Рублёвская улица;
Эвкалиптовая улица;tree;дерево эвкалипт
Скалистый переулок;
Заповедная улица;
Булатная улица;
улица Лукина;person;персоналия: Лукин
Озёрный переулок;
Сотый переулок;
Университетская набережная;
Сахарный ключ;
Сихотэ-Алинский проспект;place;горный хребет Сихотэ-Алинь
Кирочный переулок;
переулок Ярошенко;person;персоналия: Ярошенко
Ледокольная улица;ship;тип судна ледокол
Европейская улица;place;регион Европа
улица Ворошиловская батарея;
Рубиновая улица;stone;драгоценный камень рубин
Нефритовая улица;stone;камень нефрит
Раздольная улица;
Золотой мост;
Русский мост;
Казанский мост;place;город Казань (или храм Казанской иконы Божьей матери)
Рудневский мост;person;персоналия: Руднев
кольцо Инструментального завода;
кольцо Суханова;person;революционер Константин Суханов
улица Алексея Кирюшкина;person;персоналия: Алексей Кирюшкин
Калининская улица;person;советский деятель Михаил Иванович Калинин
улица Арсеньева (п-ов. Песчаный);person;путешественник Владимир Арсеньев
улица Августа Менарда;person;владивостокский предприниматель француз Август Менард
кольцо Фуникулёра;
кольцо Первой Речки;
кольцо 3-ей Рабочей;
Леопардовая набережная;animal;животное леопард
набережная Цесаревича;person;цесаревич (будущий Николай II)
Вилючинская улица;place;река Вилюча
Авачинская улица;place;Авачинская сопка или бухта
Лоцманская улица;
улица Батаршина;person;герой Хасана Гильфан Абубекерович Батаршин
Кристальная улица;
Крепостная улица;
Майкопская улица;place;город Майкоп
Гладкий переулок;
улица Ефрейтора Нуштаева;person;пожарный ефрейтор Григорий Нуштаев
посёлок Подножье;
посёлок Поспелово;
посёлок Мелководный;
посёлок Церковная Падь;
посёлок Житкова;person;персоналия: Житков
Швартовая улица;
Апрельская улица;
Облачная улица;
улица Тупик;
Звонкий переулок;
улица Кустодиева;person;художник Кустодиев
улица Мясоедова;person;художник Григорий Мясоедов
Лиственный переулок;
улица Кипренского;person;художник Орест Кипренский
улица Катаева;person;писатель Валентин Катаев
Папоротниковая улица;flower;растение папоротник, хоть оно и не цветёт
Понтийская улица;place;предположительно в честь моря
Туристическая улица;
Кемеровская улица;place;по городу Кемерово



































